{
  "split": "val",
  "checkpoint": "outputs/checkpoints/best",
  "score_threshold": 0.5,
  "num_classes": 10,
  "mAP": 0.29137841180911467,
  "mAP50": 0.4098845924685,
  "mAP75": 0.30613462982904566,
  "mAP_small": 0.1099641036663941,
  "mAP_medium": 0.30116817088464437,
  "mAP_large": 0.4089125282797259
}